[
  {
    "id": "9dc52d2a-dbf2-44e7-bc55-0eee5a7a8a14",
    "data": [
      {
        "text": "sí",
        "userDefined": false
      }
    ],
    "isTemplate": false,
    "count": 0,
    "lang": "es",
    "updated": 0
  },
  {
    "id": "9dg52d2a-dbf2-44e7-bc55-0eee5a6a8a14",
    "data": [
      {
        "text": "si",
        "userDefined": false
      }
    ],
    "isTemplate": false,
    "count": 0,
    "lang": "es",
    "updated": 0
  },
  {
    "id": "9dg52d2a-dbf2-44e7-bc55-0eee5a6a8a24",
    "data": [
      {
        "text": "Sí",
        "userDefined": false
      }
    ],
    "isTemplate": false,
    "count": 0,
    "lang": "es",
    "updated": 0
  },
  {
    "id": "7a11df78-3b06-48c3-9aa4-9f779c23fb0b",
    "data": [
      {
        "text": "de verdad",
        "userDefined": false
      }
    ],
    "isTemplate": false,
    "count": 0,
    "lang": "es",
    "updated": 0
  },
  {
    "id": "e6238a3e-3dcd-4932-9034-1a05f037d4e3",
    "data": [
      {
        "text": "está bien",
        "userDefined": false
      }
    ],
    "isTemplate": false,
    "count": 0,
    "lang": "es",
    "updated": 0
  },
  {
    "id": "64cc393a-f9c9-4521-9052-543f99fcd97e",
    "data": [
      {
        "text": "muy bien",
        "userDefined": false
      }
    ],
    "isTemplate": false,
    "count": 0,
    "lang": "es",
    "updated": 0
  },
  {
    "id": "0f4a932a-c929-47d4-8cb2-5095882f40a0",
    "data": [
      {
        "text": "estupendo",
        "userDefined": false
      }
    ],
    "isTemplate": false,
    "count": 0,
    "lang": "es",
    "updated": 0
  }
]
